<?xml version="1.0" encoding="UTF-8" standalone="yes"?>
<addon        id="plugin.program.anonymouswizard" 
              name="[COLOR ghostwhite][B]ANONYMOUS WIZARD[/COLOR][/B]" 
              version="1.5.2" 
              provider-name="[COLOR ghostwhite][B]ANONYMOUS[/COLOR][/B]">
  <requires>
    <import   addon="xbmc.python" version="2.1.0"/>
  </requires>
  <extension  point="xbmc.python.pluginsource" library="default.py">
    <provides>executable</provides>
  </extension>
  <extension  point="xbmc.service" library="startup.py" start="startup" />
  <extension  point="xbmc.addon.metadata">
    <summary  lang="en">[COLOR ghostwhite][B]ANONYMOUS WIZARD[/COLOR][/B]</summary>
    <description lang="en">This Anonymous Wizard allows you to get access to the latest Anonymous Custom Builds and Addons. Contact us on Facebook at: https://www.facebook.com/groups/anonymouskodi/</description>
    <platform>all</platform>
  </extension>
</addon>