<?xml version="1.0" encoding="UTF-8"?>
<fonts>
	<fontset id="Default" idloc="31390">
		<!-- Normal Fonts -->
		<font>
			<name>font10</name>DATE
			<filename>TypeWritersSubstitute-Black.ttf</filename>
			<size>19</size>14
		</font>
		<font>
			<name>font12</name>SUBMENU AND ICONS
			<filename>TypeWritersSubstitute-Black.ttf</filename>
			<size>20</size>17
		</font>
		<font>
			<name>font13</name>LIST ITEMS
			<filename>TypeWritersSubstitute-Black.ttf</filename>
			<size>22</size>22
		</font>
		<font>
			<name>font14</name>?????
			<filename>TypeWritersSubstitute-Black.ttf</filename>
			<size>22</size>22
		</font>
		<font>
			<name>font16</name>SETTINGS MENU HEADING
			<filename>TypeWritersSubstitute-Black.ttf</filename>
			<size>25</size>25
		</font>
		<font>
			<name>font30</name>KEYBOARD???
			<filename>TypeWritersSubstitute-Black.ttf</filename>
			<size>30</size>30
		</font>
		<font>
			<name>fontContextMenu</name>CONTEXT MENU
			<filename>TypeWritersSubstitute-Black.ttf</filename>
			<size>18</size>18
		</font>
		<!-- Title Fonts -->
		<font>
			<name>font10_title</name>VIDEO OSD SEEKING
			<filename>TypeWritersSubstitute-Black.ttf</filename>
			<size>12</size>12
		</font>
		<font>
			<name>font12_title</name>DIALOGUE MENU (OPTIONS)
			<filename>TypeWritersSubstitute-Black.ttf</filename>
			<size>17</size>17
		</font>
		<font>
			<name>font13_title</name>DIALOGUE MENU (TITLE)
			<filename>TypeWritersSubstitute-Black.ttf</filename>
			<size>20</size>20
		</font>
		<font>
			<name>font24_title</name>SETTINGS MENU
			<filename>TypeWritersSubstitute-Black.ttf</filename>
			<size>24</size>24
		</font>
		<font>
			<name>font28_title</name>HOME MENU TIME
			<filename>TypeWritersSubstitute-Black.ttf</filename>
			<size>31</size>30
		</font>
		<font>
			<name>font30_title</name>??????
			<filename>TypeWritersSubstitute-Black.ttf</filename>
			<size>30</size>30
		</font>
		<font>
			<name>font35_title</name>
			<filename>TypeWritersSubstitute-Black.ttf</filename>
			<size>35</size>35
		</font>
		<font>
			<name>font_MainMenu</name>
			<filename>TypeWritersSubstitute-Black.ttf</filename>
			<size>53</size>47
		</font>
		<font>
			<name>WeatherTemp</name>
			<filename>TypeWritersSubstitute-Black.ttf</filename>
			<size>80</size>80
		</font>
	</fontset>

















	<fontset id="Massive" idloc="15110">
		<!-- Normal Fonts -->
		<font>
			<name>font10</name>
			<filename>SansPosterBold.ttf</filename>
			<size>14</size>
		</font>
		<font>
			<name>font12</name>
			<filename>SansPosterBold.ttf</filename>
			<size>23</size>
		</font>
		<font>
			<name>font13</name>
			<filename>SansPosterBold.ttf</filename>
			<size>25</size>
		</font>
		<font>
			<name>font14</name>
			<filename>SansPosterBold.ttf</filename>
			<size>25</size>
		</font>
		<font>
			<name>font16</name>
			<filename>SansPosterBold.ttf</filename>
			<size>25</size>
		</font>
		<font>
			<name>font30</name>
			<filename>SansPosterBold.ttf</filename>
			<size>30</size>
		</font>
		<font>
			<name>fontContextMenu</name>
			<filename>SansPosterBold.ttf</filename>
			<size>25</size>
		</font>
		<!-- Title Fonts -->
		<font>
			<name>font10_title</name>
			<filename>Roboto-Bold.ttf</filename>
			<size>12</size>
		</font>
		<font>
			<name>font12_title</name>
			<filename>Roboto-Bold.ttf</filename>
			<size>17</size>
		</font>
		<font>
			<name>font13_title</name>
			<filename>Roboto-Bold.ttf</filename>
			<size>20</size>
		</font>
		<font>
			<name>font24_title</name>
			<filename>Roboto-Bold.ttf</filename>
			<size>24</size>
		</font>
		<font>
			<name>font28_title</name>
			<filename>Roboto-Bold.ttf</filename>
			<size>28</size>
		</font>
		<font>
			<name>font30_title</name>
			<filename>Roboto-Bold.ttf</filename>
			<size>30</size>
		</font>
		<font>
			<name>font35_title</name>
			<filename>Roboto-Bold.ttf</filename>
			<size>35</size>
		</font>
		<font>
			<name>font_MainMenu</name>
			<filename>SansPosterBold.ttf</filename>
			<size>20</size>
		</font>
		<font>
			<name>WeatherTemp</name>
			<filename>Roboto-Bold.ttf</filename>
			<size>80</size>
		</font>
	</fontset>
	<fontset id="DefaultNoCaps" idloc="31391">
		<!-- Normal Fonts -->
		<font>
			<name>font10</name>
			<filename>Roboto-Regular.ttf</filename>
			<size>14</size>
		</font>
		<font>
			<name>font12</name>
			<filename>Roboto-Regular.ttf</filename>
			<size>17</size>
		</font>
		<font>
			<name>font13</name>
			<filename>Roboto-Regular.ttf</filename>
			<size>20</size>
		</font>
		<font>
			<name>font14</name>
			<filename>Roboto-Regular.ttf</filename>
			<size>22</size>
		</font>
		<font>
			<name>font16</name>
			<filename>Roboto-Regular.ttf</filename>
			<size>25</size>
		</font>
		<font>
			<name>font30</name>
			<filename>Roboto-Regular.ttf</filename>
			<size>30</size>
		</font>
		<font>
			<name>fontContextMenu</name>
			<filename>Roboto-Regular.ttf</filename>
			<size>18</size>
		</font>
		<!-- Title Fonts -->
		<font>
			<name>font10_title</name>
			<filename>Roboto-Bold.ttf</filename>
			<size>12</size>
		</font>
		<font>
			<name>font12_title</name>
			<filename>Roboto-Bold.ttf</filename>
			<size>17</size>
		</font>
		<font>
			<name>font13_title</name>
			<filename>Roboto-Bold.ttf</filename>
			<size>20</size>
		</font>
		<font>
			<name>font24_title</name>
			<filename>Roboto-Bold.ttf</filename>
			<size>24</size>
		</font>
		<font>
			<name>font28_title</name>
			<filename>Roboto-Bold.ttf</filename>
			<size>28</size>
		</font>
		<font>
			<name>font30_title</name>
			<filename>Roboto-Bold.ttf</filename>
			<size>30</size>
		</font>
		<font>
			<name>font35_title</name>
			<filename>Roboto-Bold.ttf</filename>
			<size>35</size>
		</font>
		<font>
			<name>font_MainMenu</name>
			<filename>Roboto-Bold.ttf</filename>
			<size>40</size>
		</font>
		<font>
			<name>WeatherTemp</name>
			<filename>Roboto-Bold.ttf</filename>
			<size>80</size>
		</font>
	</fontset>
	<fontset id="Arial" idloc="31392">
		<!-- Arial Font better for non English -->
		<font>
			<name>font10</name>
			<filename>arial.ttf</filename>
			<size>12</size>
		</font>
		<font>
			<name>font12</name>
			<filename>arial.ttf</filename>
			<size>15</size>
		</font>
		<font>
			<name>font13</name>
			<filename>arial.ttf</filename>
			<size>18</size>
		</font>
		<font>
			<name>font14</name>
			<filename>arial.ttf</filename>
			<size>20</size>
		</font>
		<font>
			<name>font16</name>
			<filename>arial.ttf</filename>
			<size>23</size>
		</font>
		<font>
			<name>font30</name>
			<filename>arial.ttf</filename>
			<size>28</size>
		</font>
		<font>
			<name>fontContextMenu</name>
			<filename>arial.ttf</filename>
			<size>16</size>
		</font>
		<!-- Title Fonts -->
		<font>
			<name>font10_title</name>
			<filename>arial.ttf</filename>
			<size>10</size>
			<style>bold</style>
		</font>
		<font>
			<name>font12_title</name>
			<filename>arial.ttf</filename>
			<size>15</size>
			<style>bold</style>
		</font>
		<font>
			<name>font13_title</name>
			<filename>arial.ttf</filename>
			<size>18</size>
			<style>bold</style>
		</font>
		<font>
			<name>font24_title</name>
			<filename>arial.ttf</filename>
			<size>22</size>
			<style>bold</style>
		</font>
		<font>
			<name>font28_title</name>
			<filename>arial.ttf</filename>
			<size>26</size>
			<style>bold</style>
		</font>
		<font>
			<name>font30_title</name>
			<filename>arial.ttf</filename>
			<size>28</size>
			<style>bold</style>
		</font>
		<font>
			<name>font35_title</name>
			<filename>arial.ttf</filename>
			<size>33</size>
			<style>bold</style>
		</font>
		<font>
			<name>font_MainMenu</name>
			<filename>arial.ttf</filename>
			<size>35</size>
			<style>bold</style>
		</font>
		<font>
			<name>WeatherTemp</name>
			<filename>arial.ttf</filename>
			<size>80</size>
			<style>bold</style>
		</font>
	</fontset>
	<fontset id="LargeFont" idloc="31393" unicode="true">
		<!-- Normal Fonts -->
		<font>
			<name>font10</name>
			<filename>Massive.ttf</filename>
			<size>12</size>
		</font>
		<font>
			<name>font12</name>
			<filename>Massive.ttf</filename>
			<size>17</size>
		</font>
		<font>
			<name>font13</name>
			<filename>Massive.ttf</filename>
			<size>20</size>
		</font>
		<font>
			<name>font14</name>
			<filename>Massive.ttf</filename>
			<size>22</size>
		</font>
		<font>
			<name>font16</name>
			<filename>Massive.ttf</filename>
			<size>25</size>
		</font>
		<font>
			<name>font30</name>
			<filename>Massive.ttf</filename>
			<size>30</size>
		</font>
		<font>
			<name>fontContextMenu</name>
			<filename>Massive.ttf</filename>
			<size>18</size>
		</font>
		<!-- Title Fonts -->
		<font>
			<name>font10_title</name>
			<filename>Massive.ttf</filename>
			<size>14</size>
		</font>
		<font>
			<name>font12_title</name>
			<filename>Massive.ttf</filename>
			<size>18</size>
		</font>
		<font>
			<name>font13_title</name>
			<filename>Massive.ttf</filename>
			<size>22</size>
		</font>
		<font>
			<name>font24_title</name>
			<filename>Massive.ttf</filename>
			<size>28</size>
		</font>
		<font>
			<name>font28_title</name>
			<filename>Massive.ttf</filename>
			<size>32</size>
		</font>
		<font>
			<name>font30_title</name>
			<filename>Massive.ttf</filename>
			<size>34</size>
		</font>
		<font>
			<name>font35_title</name>
			<filename>Massive.ttf</filename>
			<size>38</size>
		</font>
		<font>
			<name>font_MainMenu</name>
			<filename>Massive.ttf</filename>
			<size>44</size>
		</font>
		<font>
			<name>WeatherTemp</name>
			<filename>Massive.ttf</filename>
			<size>86</size>
		</font>
	</fontset>
	<fontset id="Ubuntu Normal" idloc="31270">
		<!-- Normal Fonts -->
		<font>
			<name>font10</name>
			<filename>Ubuntu-M.ttf</filename>
			<size>12</size>
		</font>
		<font>
			<name>font12</name>
			<filename>Ubuntu-M.ttf</filename>
			<size>17</size>
		</font>
		<font>
			<name>font13</name>
			<filename>Ubuntu-M.ttf</filename>
			<size>20</size>
		</font>
		<font>
			<name>font14</name>
			<filename>Ubuntu-M.ttf</filename>
			<size>22</size>
		</font>
		<font>
			<name>font16</name>
			<filename>Ubuntu-M.ttf</filename>
			<size>25</size>
		</font>
		<font>
			<name>font30</name>
			<filename>Ubuntu-M.ttf</filename>
			<size>30</size>
		</font>
		<font>
			<name>fontContextMenu</name>
			<filename>Ubuntu-M.ttf</filename>
			<size>18</size>
		</font>
		<!-- Title Fonts -->
		<font>
			<name>font10_title</name>
			<filename>Ubuntu-M.ttf</filename>
			<size>14</size>
		</font>
		<font>
			<name>font12_title</name>
			<filename>Ubuntu-M.ttf</filename>
			<size>18</size>
		</font>
		<font>
			<name>font13_title</name>
			<filename>Ubuntu-M.ttf</filename>
			<size>22</size>
		</font>
		<font>
			<name>font24_title</name>
			<filename>Ubuntu-M.ttf</filename>
			<size>28</size>
		</font>
		<font>
			<name>font28_title</name>
			<filename>Ubuntu-M.ttf</filename>
			<size>32</size>
		</font>
		<font>
			<name>font30_title</name>
			<filename>Ubuntu-M.ttf</filename>
			<size>34</size>
		</font>
		<font>
			<name>font35_title</name>
			<filename>Ubuntu-M.ttf</filename>
			<size>38</size>
		</font>
		<font>
			<name>font_MainMenu</name>
			<filename>Ubuntu-M.ttf</filename>
			<size>44</size>
		</font>
		<font>
			<name>WeatherTemp</name>
			<filename>Ubuntu-M.ttf</filename>
			<size>86</size>
		</font>
	</fontset>
	<fontset id="Ubuntu Bold" idloc="31271">
		<!-- Normal Fonts -->
		<font>
			<name>font10</name>
			<filename>Ubuntu-B.ttf</filename>
			<size>12</size>
		</font>
		<font>
			<name>font12</name>
			<filename>Ubuntu-B.ttf</filename>
			<size>17</size>
		</font>
		<font>
			<name>font13</name>
			<filename>Ubuntu-B.ttf</filename>
			<size>20</size>
		</font>
		<font>
			<name>font14</name>
			<filename>Ubuntu-B.ttf</filename>
			<size>22</size>
		</font>
		<font>
			<name>font16</name>
			<filename>Ubuntu-B.ttf</filename>
			<size>25</size>
		</font>
		<font>
			<name>font30</name>
			<filename>Ubuntu-B.ttf</filename>
			<size>30</size>
		</font>
		<font>
			<name>fontContextMenu</name>
			<filename>Ubuntu-B.ttf</filename>
			<size>18</size>
		</font>
		<!-- Title Fonts -->
		<font>
			<name>font10_title</name>
			<filename>Ubuntu-B.ttf</filename>
			<size>14</size>
		</font>
		<font>
			<name>font12_title</name>
			<filename>Ubuntu-B.ttf</filename>
			<size>18</size>
		</font>
		<font>
			<name>font13_title</name>
			<filename>Ubuntu-B.ttf</filename>
			<size>22</size>
		</font>
		<font>
			<name>font24_title</name>
			<filename>Ubuntu-B.ttf</filename>
			<size>28</size>
		</font>
		<font>
			<name>font28_title</name>
			<filename>Ubuntu-B.ttf</filename>
			<size>32</size>
		</font>
		<font>
			<name>font30_title</name>
			<filename>Ubuntu-B.ttf</filename>
			<size>34</size>
		</font>
		<font>
			<name>font35_title</name>
			<filename>Ubuntu-B.ttf</filename>
			<size>38</size>
		</font>
		<font>
			<name>font_MainMenu</name>
			<filename>Ubuntu-B.ttf</filename>
			<size>44</size>
		</font>
		<font>
			<name>WeatherTemp</name>
			<filename>Ubuntu-B.ttf</filename>
			<size>86</size>
		</font>
	</fontset>
</fonts>
