<?xml version="1.0" encoding="UTF-8" standalone="yes"?>
<addon id="script.module.wargames" name="[B][COLOR ghostwhite]WarGames Streamer[/COLOR][/B]" version="1.0.6" provider-name="KISAKUL">
  <requires>
    <import addon="xbmc.python" version="2.1.0"/>
	<import addon="script.module.addon.common" />
	<import addon="script.module.requests" />
	<import addon="script.module.urlresolver" />
	<import addon="script.module.liveresolver" version="0.1.24"/>
  </requires>
  <extension point="xbmc.python.pluginsource" library="default.py">
        <provides>all</provides>
  </extension>
  <extension point="xbmc.addon.metadata">
    <summary lang="en">Dependency Addon for WarGames</summary>
    <description lang="en">Dependency Addon for WarGames</description>
	<disclaimer lang="en">Dependency Addon for Wargames</disclaimer>
    <platform>all</platform>
  </extension>
</addon>

