
<item>
<title>Friday the 13th (1980) 720p-HD </title>
<meta>
<content>movie</content>
<imdb>tt0080761</imdb>
<title>Friday the 13th (1980) 720p-HD </title>
<year>1980</year>
</meta>
<link>
<sublink>https://uptostream.com/e0pjo6bru0rh</sublink>
</link>
<thumbnail>http://ecx.images-amazon.com/images/I/91rix1Pp3aL._SL1500_.jpg</thumbnail>
<fanart>http://screenrant.com/wp-content/uploads/Friday-the-13th-TV-Series-in-development-The-CW.jpg</fanart>
</item>

<item>
<title>Friday the 13th Part 2 (1981) 1080p-HD</title>
<meta>
<content>movie</content>
<imdb>tt0082418</imdb>
<title>Friday the 13th Part 2 (1981) 1080p-HD</title>
<year>1981</year>
</meta>
<link>
<sublink>https://uptostream.com/5hz4cy8vv1xu</sublink>
</link>
<thumbnail>http://bluraymedia.ign.com/bluray/image/object/143/14341357/friday2.jpg</thumbnail>
<fanart>http://screenrant.com/wp-content/uploads/Friday-the-13th-TV-Series-in-development-The-CW.jpg</fanart>
</item>

<item>
<title>Friday the 13th Part III (1982) 1080p-HD</title>
<meta>
<content>movie</content>
<imdb>tt0083972</imdb>
<title>Friday the 13th Part III (1982) 1080p-HD</title>
<year>1982</year>
</meta>
<link>
<sublink>https://uptostream.com/e13yji2z4vrp</sublink>
</link>
<thumbnail>http://ecx.images-amazon.com/images/I/91mKD7pM-AL._SL1500_.jpg</thumbnail>
<fanart>http://screenrant.com/wp-content/uploads/Friday-the-13th-TV-Series-in-development-The-CW.jpg</fanart>
</item>

<item>
<title>Friday the 13th: The Final Chapter (1984) 1080p-HD</title>
<meta>
<content>movie</content>
<imdb>tt0087298</imdb>
<title>Friday the 13th: The Final Chapter (1984) 1080p-HD</title>
<year>1984</year>
</meta>
<link>
<sublink>https://uptostream.com/zem9zo4t88rk</sublink>
</link>
<thumbnail>http://images.static-bluray.com/movies/covers/25033_front.jpg</thumbnail>
<fanart>http://screenrant.com/wp-content/uploads/Friday-the-13th-TV-Series-in-development-The-CW.jpg</fanart>
</item>

<item>
<title>Friday the 13th: A New Beginning (1985) 1080p-HD</title>
<meta>
<content>movie</content>
<imdb>tt0089173</imdb>
<title>Friday the 13th: A New Beginning (1985) 1080p-HD</title>
<year>1985</year>
</meta>
<link>
<sublink>https://uptostream.com/dzmsoexlpvbg</sublink>
</link>
<thumbnail>http://images4.static-bluray.com/movies/covers/42169_front.jpg</thumbnail>
<fanart>http://screenrant.com/wp-content/uploads/Friday-the-13th-TV-Series-in-development-The-CW.jpg</fanart>
</item>

<item>
<title>Friday the 13th Part VI: Jason Lives (1986) 1080p-HD </title>
<meta>
<content>movie</content>
<imdb>tt0091080</imdb>
<title>Friday the 13th Part VI: Jason Lives (1986) 1080p-HD </title>
<year>1986</year>
</meta>
<link>
<sublink>https://uptostream.com/kuds2ei2pm3m</sublink>
</link>
<thumbnail>http://images3.static-bluray.com/movies/covers/42168_front.jpg</thumbnail>
<fanart>http://screenrant.com/wp-content/uploads/Friday-the-13th-TV-Series-in-development-The-CW.jpg</fanart>
</item>

<item>
<title>Friday the 13th Part VII: The New Blood (1988) 720p-HD</title>
<meta>
<content>movie</content>
<imdb>tt0095179</imdb>
<title>Friday the 13th Part VII: The New Blood (1988) 720p-HD</title>
<year>1988</year>
</meta>
<link>
<sublink>https://uptostream.com/bsicmkqtyreu</sublink>
</link>
<thumbnail>http://images2.static-bluray.com/movies/covers/42167_front.jpg</thumbnail>
<fanart>http://screenrant.com/wp-content/uploads/Friday-the-13th-TV-Series-in-development-The-CW.jpg</fanart>
</item>

<item>
<title>Friday the 13th Part VIII: Jason Takes Manhattan (1989) 1080p-HD</title>
<meta>
<content>movie</content>
<imdb>tt0097388</imdb>
<title>Friday the 13th Part VIII: Jason Takes Manhattan (1989) 1080p-HD</title>
<year>1989</year>
</meta>
<link>
<sublink>https://uptostream.com/vf2ea6a4h7pz</sublink>
</link>
<thumbnail>http://images.static-bluray.com/movies/covers/42115_front.jpg</thumbnail>
<fanart>http://screenrant.com/wp-content/uploads/Friday-the-13th-TV-Series-in-development-The-CW.jpg</fanart>
</item>

<item>
<title>Jason Goes to Hell: The Final Friday (1993) 1080p-HD</title>
<meta>
<content>movie</content>
<imdb>tt0107254</imdb>
<title>Jason Goes to Hell: The Final Friday (1993) 1080p-HD</title>
<year>1993</year>
</meta>
<link>
<sublink>https://uptostream.com/gazkvb0uo594</sublink>
</link>
<thumbnail>http://images4.static-bluray.com/movies/covers/42143_front.jpg</thumbnail>
<fanart>http://screenrant.com/wp-content/uploads/Friday-the-13th-TV-Series-in-development-The-CW.jpg</fanart>
</item>

<item>
<title>Jason X (2001) 1080p-HD</title>
<meta>
<content>movie</content>
<imdb>tt0211443</imdb>
<title>Jason X (2001) 1080p-HD</title>
<year>2001</year>
</meta>
<link>
<sublink>https://uptostream.com/bz0t2q23m87a</sublink>
</link>
<thumbnail>http://images4.static-bluray.com/movies/covers/29373_front.jpg</thumbnail>
<fanart>http://screenrant.com/wp-content/uploads/Friday-the-13th-TV-Series-in-development-The-CW.jpg</fanart>
</item>

<item>
<title>Freddy vs. Jason (2003) 1080p-HD </title>
<meta>
<content>movie</content>
<imdb>tt0329101</imdb>
<title>Freddy vs. Jason (2003) 1080p-HD</title>
<year>2003</year>
</meta>
<link>
<sublink>https://uptostream.com/ur9yb6tsi7zt</sublink>
</link>
<thumbnail>http://www.1080b.com/wp-content/freddycontrajason-bd-480a1.jpg</thumbnail>
<fanart>http://screenrant.com/wp-content/uploads/Friday-the-13th-TV-Series-in-development-The-CW.jpg</fanart>
</item>

<item>
<title>Friday the 13th (2009) 1080p-HD</title>
<meta>
<content>movie</content>
<imdb>tt0758746</imdb>
<title>Friday the 13th (2009) 1080p-HD</title>
<year>2009</year>
</meta>
<link>
<sublink>https://uptostream.com/hr4ss25iqlyk</sublink>
</link>
<thumbnail>https://ianmannus.files.wordpress.com/2015/03/fridaythe13thbd2d.jpg</thumbnail>
<fanart>http://screenrant.com/wp-content/uploads/Friday-the-13th-TV-Series-in-development-The-CW.jpg</fanart>
</item>

