<?xml version="1.0" encoding="UTF-8" standalone="yes"?>
<addon id="plugin.program.anonymoustruth" name="Anonymous Truth Wizard" version="2017.05.27b" provider-name="KISAKUL">
  <requires>
    <import addon="xbmc.python" version="2.1.0"/>
    <import addon="repository.anonymoustruth" version="2.1.0"/>
  </requires>
  <extension point="xbmc.python.pluginsource" library="default.py">
    <provides>executable</provides>
  </extension>
  <extension point="xbmc.service" library="startup.py" start="startup" />
  <extension point="xbmc.addon.metadata">
    <summary lang="en">The Anonymous Truth Wizard</summary>
    <description lang="en">The Anonymous Truth Wizard was created to help the kodi community.  Performs auto maintenance to keep your device running smoothly.  Installs builds from The Anonymous Truth Team.  Installs Addons selected by the MAF Team.</description>
    <platform>all</platform>
  </extension>
</addon>