<?xml version="1.0" encoding="UTF-8" standalone="yes"?>
<addon id="script.module.kratos" name="[COLOR ghostwhite]Giggity[/COLOR]" version="2017.05.10" provider-name="KISAKUL">
  <requires>
    <import addon="xbmc.python" version="2.1.0"/>
	<import addon="script.module.addon.common" />
	<import addon="script.module.requests" />
	<import addon="script.module.urlresolver" />
  </requires>
  <extension point="xbmc.python.pluginsource" library="giggity.py">
        <provides>all</provides>
  </extension>
  <extension point="xbmc.addon.metadata">
    <summary lang="en">Dependency Addon for Kratos</summary>
    <description lang="en">Dependency Addon for Kratos</description>
	<disclaimer lang="en">Dependency Addon for Kratos</disclaimer>
    <platform>all</platform>
  </extension>
</addon>
