<?xml version="1.0" encoding="UTF-8" standalone="yes"?>
<addon id="plugin.video.kratos" name="[COLOR ghostwhite] Kratos[/COLOR]" version="2017.04.10" provider-name="[COLOR ghostwhite]KISAKUL[/COLOR]">
	<requires>
		<import addon="xbmc.python" version="2.1.0" />
		<import addon="plugin.video.youtube" version="5.2.1" optional="true" />
		<import addon="script.module.pyxbmct" version="1.1.4" />
		<import addon="script.module.urlresolver" version="3.0.0"/>
		<import addon="script.module.liveresolver" version="0.1.24"/>
		<import addon="script.video.F4mProxy" version="2.2.3"/>
		<import addon="script.kratos.artwork" version="1.0.0"/>
		<import addon="script.kratos.metadata" version="1.0.0"/>
		<import addon="script.module.metahandler" version="1.0.0" />
		<import addon="script.module.kratos"/>
	</requires>
	<extension point="xbmc.python.pluginsource" library="default.py">
		<provides>video</provides>
	</extension>
	<extension point="xbmc.addon.metadata">
		<summary lang="en">Kratos - God of War</summary>
		<description lang="en">Kratos - Making your streaming experience better.  </description>
		<disclaimer lang="en">The author does not host or distribute any content. Credits to Phoenix and Exodus for SOME of the base code.</disclaimer>
		<platform>all</platform>
		<forum>https://www.facebook.com/groups/anonymouskodi/</forum>
		<assets>
			<icon>icon.png</icon>
			<fanart>fanart.jpg</fanart>
			<screenshot>resources/screenshots/screenshot-01.jpg</screenshot>
			<screenshot>resources/screenshots/screenshot-02.jpg</screenshot>
			<screenshot>resources/screenshots/screenshot-03.jpg</screenshot>
		</assets>
		<news>Kratos - The God of War</news>
	</extension>
</addon>